"","Species","Mean Incidence Rate","Minimum","Median","Maximum","Standard Deviation"
"1","Human",1.04571785071942,"0.0007","0.66","12","1.1243"
"2","Cattle",0.173614163669065,"0.0000","0.00","235","3.9378"
"3","Camel",0.0505520299566417,"0.0000","0.00","122","2.4226"
"4","Goat",0.0347420638489209,"0.0000","0.00","30","0.6939"
"5","Sheep",0.0154517760791367,"0.0000","0.00","45","0.6923"
