"","Species","Mean Incidence Rate","Minimum","Median","Maximum","Standard Deviation"
"1","Human",1.03554843784622,"0.0007","0.65","12","1.120"
"2","Cattle",0.171717682251274,"0.0000","0.00","235","3.909"
"3","Camel",0.0496619139123751,"0.0000","0.00","122","2.392"
"4","Goat",0.0350719920230445,"0.0000","0.00","29","0.676"
"5","Sheep",0.0158891424772878,"0.0000","0.00","45","0.688"
