"model","RMSE","MAE","MAPE"
"Model without Covariate",0.161525524225501,0.134289235757766,12.579708231232
"Model with Covariate",0.158721060020109,0.131467797091933,12.2792439369634
