"model","RMSE","MAE","MAPE"
"Model without Covariate",0.193937381812486,0.160438485499767,17.9729439312648
"Model with Covariate",0.199868408511931,0.165867814576086,18.6032560319674
