"model","RMSE","MAE","MAPE"
"Model without Covariate",0.193937381812486,0.160438485499767,17.9729439312648
"Model with Covariate",0.191569752678824,0.157652687701505,17.6842555321077
