"model","RMSE","MAE","MAPE"
"Model without Covariate",0.13271126422662,0.113671668496047,12.3600530659019
"Model with Covariate",0.135794801123937,0.115290968067393,12.5831757097291
