"model","RMSE","MAE","MAPE"
"Model without Covariate",0.193937381812486,0.160438485499767,17.9729439312648
"Model with Covariate",0.196319786204547,0.162378212468461,18.1936890578413
